PDB Code,Ligand Name,C-C,C-N,C-O,C-F,C-P,C-S,C-Cl,C-Br,C-I,N-C,N-N,N-O,N-F,N-P,N-S,N-Cl,N-Br,N-I,O-C,O-N,O-O,O-F,O-P,O-S,O-Cl,O-Br,O-I,F-C,F-N,F-O,F-F,F-P,F-S,F-Cl,F-Br,F-I,P-C,P-N,P-O,P-F,P-P,P-S,P-Cl,P-Br,P-I,S-C,S-N,S-O,S-F,S-P,S-S,S-Cl,S-Br,S-I,Cl-C,Cl-N,Cl-O,Cl-F,Cl-P,Cl-S,Cl-Cl,Cl-Br,Cl-I,Br-C,Br-N,Br-O,Br-F,Br-P,Br-S,Br-Cl,Br-Br,Br-I,I-C,I-N,I-O,I-F,I-P,I-S,I-Cl,I-Br,I-I,Total Count,Binding Data
1HK4,1HK4_ligand,18925,5005,4945,0,0,228,0,0,0,125,39,39,0,0,0,0,0,0,4981,1361,1355,0,0,71,0,0,0,0,0,0,0,0,0,0,0,0,0,0,0,0,0,0,0,0,0,0,0,0,0,0,0,0,0,0,0,0,0,0,0,0,0,0,0,0,0,0,0,0,0,0,0,0,585,174,183,0,0,6,0,0,0,38022,5.31
1HA2,1HA2_ligand,19933,5167,5089,0,0,271,0,0,0,0,0,0,0,0,0,0,0,0,5797,1568,1575,0,0,100,0,0,0,0,0,0,0,0,0,0,0,0,0,0,0,0,0,0,0,0,0,0,0,0,0,0,0,0,0,0,0,0,0,0,0,0,0,0,0,0,0,0,0,0,0,0,0,0,0,0,0,0,0,0,0,0,0,39500,5.54
1GNI,1GNI_ligand,22298,5817,5641,0,0,265,0,0,0,0,0,0,0,0,0,0,0,0,5304,1430,1447,0,0,85,0,0,0,0,0,0,0,0,0,0,0,0,0,0,0,0,0,0,0,0,0,0,0,0,0,0,0,0,0,0,0,0,0,0,0,0,0,0,0,0,0,0,0,0,0,0,0,0,0,0,0,0,0,0,0,0,0,42287,8.07
1NHU,1NHU_ligand,6180,1828,1429,0,0,59,0,0,0,241,71,63,0,0,2,0,0,0,82845,22625,24735,0,0,933,0,0,0,380,122,61,0,0,6,0,0,0,0,0,0,0,0,0,0,0,0,0,0,0,0,0,0,0,0,0,0,0,0,0,0,0,0,0,0,0,0,0,0,0,0,0,0,0,0,0,0,0,0,0,0,0,0,141580,5.66
2D3Z,2D3Z_ligand,5912,1662,1420,0,0,60,0,0,0,242,73,61,0,0,2,0,0,0,157742,44047,47244,0,0,1732,0,0,0,322,92,69,0,0,4,0,0,0,0,0,0,0,0,0,0,0,0,545,163,142,0,0,4,0,0,0,0,0,0,0,0,0,0,0,0,0,0,0,0,0,0,0,0,0,0,0,0,0,0,0,0,0,0,261538,6.64
2D3U,2D3U_ligand,6279,1745,1491,0,0,63,0,0,0,554,161,130,0,0,6,0,0,0,100915,27997,30038,0,0,1113,0,0,0,0,0,0,0,0,0,0,0,0,0,0,0,0,0,0,0,0,0,571,175,151,0,0,4,0,0,0,0,0,0,0,0,0,0,0,0,0,0,0,0,0,0,0,0,0,0,0,0,0,0,0,0,0,0,171393,6.92
1AJP,1AJP_ligand,1769,433,508,0,0,12,0,0,0,0,0,0,0,0,0,0,0,0,85295,23103,25112,0,0,357,0,0,0,0,0,0,0,0,0,0,0,0,0,0,0,0,0,0,0,0,0,0,0,0,0,0,0,0,0,0,0,0,0,0,0,0,0,0,0,0,0,0,0,0,0,0,0,0,0,0,0,0,0,0,0,0,0,136589,2.23
1AI5,1AI5_ligand,1731,421,494,0,0,11,0,0,0,227,58,69,0,0,3,0,0,0,86009,23283,25347,0,0,362,0,0,0,0,0,0,0,0,0,0,0,0,0,0,0,0,0,0,0,0,0,0,0,0,0,0,0,0,0,0,0,0,0,0,0,0,0,0,0,0,0,0,0,0,0,0,0,0,0,0,0,0,0,0,0,0,0,138015,3.72
1AJQ,1AJQ_ligand,1366,354,393,0,0,12,0,0,0,0,0,0,0,0,0,0,0,0,85191,23086,25144,0,0,352,0,0,0,0,0,0,0,0,0,0,0,0,0,0,0,0,0,0,0,0,0,230,53,65,0,0,1,0,0,0,0,0,0,0,0,0,0,0,0,0,0,0,0,0,0,0,0,0,0,0,0,0,0,0,0,0,0,136247,4.31
1GPK,1GPK_ligand,4956,1160,1385,0,0,34,0,0,0,674,164,190,0,0,4,0,0,0,63852,16876,18291,0,0,521,0,0,0,0,0,0,0,0,0,0,0,0,0,0,0,0,0,0,0,0,0,0,0,0,0,0,0,0,0,0,0,0,0,0,0,0,0,0,0,0,0,0,0,0,0,0,0,0,0,0,0,0,0,0,0,0,0,108107,5.37
1H23,1H23_ligand,6835,1499,1814,0,0,30,0,0,0,937,210,259,0,0,4,0,0,0,40489,10331,11378,0,0,339,0,0,0,0,0,0,0,0,0,0,0,0,0,0,0,0,0,0,0,0,0,0,0,0,0,0,0,0,0,0,0,0,0,0,0,0,0,0,0,0,0,0,0,0,0,0,0,0,0,0,0,0,0,0,0,0,0,74125,8.35
1E66,1E66_ligand,5014,1112,1334,0,0,35,0,0,0,594,127,155,0,0,5,0,0,0,60920,15979,17317,0,0,537,0,0,0,0,0,0,0,0,0,0,0,0,0,0,0,0,0,0,0,0,0,0,0,0,0,0,0,0,0,0,0,0,0,0,0,0,0,0,0,0,0,0,0,0,0,0,0,0,0,0,0,0,0,0,0,0,0,103129,9.89
2RKM,2RKM_ligand,2583,680,768,0,0,26,0,0,0,876,222,261,0,0,8,0,0,0,66922,17700,20187,0,0,164,0,0,0,0,0,0,0,0,0,0,0,0,0,0,0,0,0,0,0,0,0,0,0,0,0,0,0,0,0,0,0,0,0,0,0,0,0,0,0,0,0,0,0,0,0,0,0,0,0,0,0,0,0,0,0,0,0,110397,3.9
1B9J,1B9J_ligand,0,0,0,0,0,0,0,0,0,0,0,0,0,0,0,0,0,0,65121,17119,19392,0,0,152,0,0,0,0,0,0,0,0,0,0,0,0,0,0,0,0,0,0,0,0,0,0,0,0,0,0,0,0,0,0,0,0,0,0,0,0,0,0,0,0,0,0,0,0,0,0,0,0,0,0,0,0,0,0,0,0,0,101784,5.96
1B7H,1B7H_ligand,1401,372,406,0,0,13,0,0,0,238,60,70,0,0,2,0,0,0,40830,10783,12350,0,0,126,0,0,0,0,0,0,0,0,0,0,0,0,0,0,0,0,0,0,0,0,0,0,0,0,0,0,0,0,0,0,0,0,0,0,0,0,0,0,0,0,0,0,0,0,0,0,0,0,0,0,0,0,0,0,0,0,0,66651,8.02
1U2Y,1U2Y_ligand,1984,572,548,0,0,16,0,0,0,519,154,146,0,0,2,0,0,0,30825,8560,8834,0,0,255,0,0,0,0,0,0,0,0,0,0,0,0,0,0,0,0,0,0,0,0,0,0,0,0,0,0,0,0,0,0,0,0,0,0,0,0,0,0,0,0,0,0,0,0,0,0,0,0,0,0,0,0,0,0,0,0,0,52415,1.74
1U33,1U33_ligand,4289,1230,1166,0,0,32,0,0,0,614,173,163,0,0,4,0,0,0,40122,11159,11556,0,0,309,0,0,0,0,0,0,0,0,0,0,0,0,0,0,0,0,0,0,0,0,0,0,0,0,0,0,0,0,0,0,0,0,0,0,0,0,0,0,0,0,0,0,0,0,0,0,0,0,0,0,0,0,0,0,0,0,0,70817,4.6
1XD1,1XD1_ligand,6647,1916,1865,0,0,35,0,0,0,349,105,100,0,0,3,0,0,0,24957,6881,7047,0,0,190,0,0,0,0,0,0,0,0,0,0,0,0,0,0,0,0,0,0,0,0,0,0,0,0,0,0,0,0,0,0,0,0,0,0,0,0,0,0,0,0,0,0,0,0,0,0,0,0,0,0,0,0,0,0,0,0,0,50095,7.92
1UWT,1UWT_ligand,3097,826,822,0,0,8,0,0,0,914,244,236,0,0,2,0,0,0,111107,29658,32012,0,0,544,0,0,0,0,0,0,0,0,0,0,0,0,0,0,0,0,0,0,0,0,0,0,0,0,0,0,0,0,0,0,0,0,0,0,0,0,0,0,0,0,0,0,0,0,0,0,0,0,0,0,0,0,0,0,0,0,0,179470,5.97
2CEQ,2CEQ_ligand,5045,1344,1372,0,0,22,0,0,0,913,245,232,0,0,2,0,0,0,108411,29196,31404,0,0,509,0,0,0,0,0,0,0,0,0,0,0,0,0,0,0,0,0,0,0,0,0,0,0,0,0,0,0,0,0,0,0,0,0,0,0,0,0,0,0,0,0,0,0,0,0,0,0,0,0,0,0,0,0,0,0,0,0,178695,7.28
2CER,2CER_ligand,7501,1971,2074,0,0,25,0,0,0,917,248,237,0,0,2,0,0,0,97478,26240,28032,0,0,451,0,0,0,0,0,0,0,0,0,0,0,0,0,0,0,0,0,0,0,0,0,0,0,0,0,0,0,0,0,0,0,0,0,0,0,0,0,0,0,0,0,0,0,0,0,0,0,0,0,0,0,0,0,0,0,0,0,165176,9.22
2QWB,2QWB_ligand,4525,1532,1522,0,0,2,0,0,0,521,178,170,0,0,0,0,0,0,48000,13788,15002,0,0,538,0,0,0,0,0,0,0,0,0,0,0,0,0,0,0,0,0,0,0,0,0,0,0,0,0,0,0,0,0,0,0,0,0,0,0,0,0,0,0,0,0,0,0,0,0,0,0,0,0,0,0,0,0,0,0,0,0,85778,2.74
2QWD,2QWD_ligand,3573,1253,1194,0,0,2,0,0,0,609,207,198,0,0,0,0,0,0,48146,13851,15039,0,0,544,0,0,0,0,0,0,0,0,0,0,0,0,0,0,0,0,0,0,0,0,0,0,0,0,0,0,0,0,0,0,0,0,0,0,0,0,0,0,0,0,0,0,0,0,0,0,0,0,0,0,0,0,0,0,0,0,0,84616,4.85
2QWE,2QWE_ligand,3752,1313,1255,0,0,3,0,0,0,1003,329,336,0,0,2,0,0,0,47822,13732,14932,0,0,542,0,0,0,0,0,0,0,0,0,0,0,0,0,0,0,0,0,0,0,0,0,0,0,0,0,0,0,0,0,0,0,0,0,0,0,0,0,0,0,0,0,0,0,0,0,0,0,0,0,0,0,0,0,0,0,0,0,85021,7.48
2J77,2J77_ligand,3118,861,861,0,0,14,0,0,0,464,126,124,0,0,2,0,0,0,67604,17904,18914,0,0,224,0,0,0,0,0,0,0,0,0,0,0,0,0,0,0,0,0,0,0,0,0,0,0,0,0,0,0,0,0,0,0,0,0,0,0,0,0,0,0,0,0,0,0,0,0,0,0,0,0,0,0,0,0,0,0,0,0,110216,4.89
2J78,2J78_ligand,3450,932,961,0,0,18,0,0,0,915,233,236,0,0,4,0,0,0,136015,36417,38888,0,0,388,0,0,0,0,0,0,0,0,0,0,0,0,0,0,0,0,0,0,0,0,0,0,0,0,0,0,0,0,0,0,0,0,0,0,0,0,0,0,0,0,0,0,0,0,0,0,0,0,0,0,0,0,0,0,0,0,0,218457,6.42
2CET,2CET_ligand,7416,1940,1913,0,0,34,0,0,0,913,245,236,0,0,4,0,0,0,72936,19366,20606,0,0,251,0,0,0,0,0,0,0,0,0,0,0,0,0,0,0,0,0,0,0,0,0,0,0,0,0,0,0,0,0,0,0,0,0,0,0,0,0,0,0,0,0,0,0,0,0,0,0,0,0,0,0,0,0,0,0,0,0,125860,8.02
1M0N,1M0N_ligand,2094,664,744,0,0,26,0,0,0,359,115,125,0,0,4,0,0,0,27152,7484,8002,0,0,242,0,0,0,0,0,0,0,0,0,0,0,0,290,93,106,0,0,3,0,0,0,0,0,0,0,0,0,0,0,0,0,0,0,0,0,0,0,0,0,0,0,0,0,0,0,0,0,0,0,0,0,0,0,0,0,0,0,47503,2.22
1ZC9,1ZC9_ligand,1421,452,500,0,0,16,0,0,0,352,107,123,0,0,4,0,0,0,32679,9119,9691,0,0,289,0,0,0,0,0,0,0,0,0,0,0,0,144,44,52,0,0,2,0,0,0,0,0,0,0,0,0,0,0,0,0,0,0,0,0,0,0,0,0,0,0,0,0,0,0,0,0,0,0,0,0,0,0,0,0,0,0,54995,3.22
1M0Q,1M0Q_ligand,1721,543,606,0,0,20,0,0,0,351,112,126,0,0,4,0,0,0,28457,7886,8418,0,0,239,0,0,0,0,0,0,0,0,0,0,0,0,297,93,104,0,0,3,0,0,0,0,0,0,0,0,0,0,0,0,0,0,0,0,0,0,0,0,0,0,0,0,0,0,0,0,0,0,0,0,0,0,0,0,0,0,0,48980,3.89
2FDP,2FDP_ligand,17116,4595,5276,0,0,22,0,0,0,2204,570,691,0,0,6,0,0,0,18151,4610,5347,0,0,137,0,0,0,523,130,149,0,0,2,0,0,0,0,0,0,0,0,0,0,0,0,0,0,0,0,0,0,0,0,0,0,0,0,0,0,0,0,0,0,0,0,0,0,0,0,0,0,0,0,0,0,0,0,0,0,0,0,59529,7.59
1FKN,1FKN_ligand,4331,1115,1374,0,0,12,0,0,0,413,111,139,0,0,2,0,0,0,70779,18694,21220,0,0,419,0,0,0,0,0,0,0,0,0,0,0,0,0,0,0,0,0,0,0,0,0,0,0,0,0,0,0,0,0,0,0,0,0,0,0,0,0,0,0,0,0,0,0,0,0,0,0,0,0,0,0,0,0,0,0,0,0,118609,8.8
2G94,2G94_ligand,20332,5356,6274,0,0,48,0,0,0,4022,1057,1299,0,0,12,0,0,0,125296,33325,37738,0,0,686,0,0,0,0,0,0,0,0,0,0,0,0,0,0,0,0,0,0,0,0,0,525,163,197,0,0,0,0,0,0,0,0,0,0,0,0,0,0,0,0,0,0,0,0,0,0,0,0,0,0,0,0,0,0,0,0,0,236330,9.52
1V16,1V16_ligand,3271,966,1018,0,0,46,0,0,0,659,187,198,0,0,12,0,0,0,71673,19572,21071,0,0,667,0,0,0,0,0,0,0,0,0,0,0,0,354,106,117,0,0,4,0,0,0,120,41,42,0,0,2,0,0,0,0,0,0,0,0,0,0,0,0,0,0,0,0,0,0,0,0,0,0,0,0,0,0,0,0,0,0,120126,3.87
1OLU,1OLU_ligand,2850,797,899,0,0,35,0,0,0,379,117,127,0,0,6,0,0,0,68232,18590,20243,0,0,641,0,0,0,0,0,0,0,0,0,0,0,0,339,96,116,0,0,4,0,0,0,114,38,41,0,0,2,0,0,0,0,0,0,0,0,0,0,0,0,0,0,0,0,0,0,0,0,0,0,0,0,0,0,0,0,0,0,113666,4.41
1OLS,1OLS_ligand,1818,541,595,0,0,24,0,0,0,414,135,137,0,0,6,0,0,0,60555,16453,17774,0,0,569,0,0,0,0,0,0,0,0,0,0,0,0,393,119,132,0,0,4,0,0,0,144,46,50,0,0,2,0,0,0,0,0,0,0,0,0,0,0,0,0,0,0,0,0,0,0,0,0,0,0,0,0,0,0,0,0,0,99911,5.82
1TOK,1TOK_ligand,7986,2264,2102,0,0,98,0,0,0,1336,365,350,0,0,20,0,0,0,48240,13334,14026,0,0,371,0,0,0,0,0,0,0,0,0,0,0,0,465,128,120,0,0,2,0,0,0,0,0,0,0,0,0,0,0,0,0,0,0,0,0,0,0,0,0,0,0,0,0,0,0,0,0,0,0,0,0,0,0,0,0,0,0,91207,2.47
1TOJ,1TOJ_ligand,4422,1250,1108,0,0,58,0,0,0,614,167,160,0,0,11,0,0,0,21579,5868,6151,0,0,165,0,0,0,0,0,0,0,0,0,0,0,0,175,49,44,0,0,1,0,0,0,0,0,0,0,0,0,0,0,0,0,0,0,0,0,0,0,0,0,0,0,0,0,0,0,0,0,0,0,0,0,0,0,0,0,0,0,41822,3.39
1TOI,1TOI_ligand,4459,1239,1094,0,0,56,0,0,0,619,167,155,0,0,11,0,0,0,31209,8518,9004,0,0,241,0,0,0,0,0,0,0,0,0,0,0,0,177,48,41,0,0,1,0,0,0,0,0,0,0,0,0,0,0,0,0,0,0,0,0,0,0,0,0,0,0,0,0,0,0,0,0,0,0,0,0,0,0,0,0,0,0,57039,4.05
1N2V,1N2V_ligand,1619,435,485,0,0,46,0,0,0,798,205,249,0,0,20,0,0,0,32153,9271,9585,0,0,342,0,0,0,0,0,0,0,0,0,0,0,0,0,0,0,0,0,0,0,0,0,0,0,0,0,0,0,0,0,0,0,0,0,0,0,0,0,0,0,0,0,0,0,0,0,0,0,0,0,0,0,0,0,0,0,0,0,55208,4.08
1K4G,1K4G_ligand,2167,572,617,0,0,62,0,0,0,1135,284,336,0,0,30,0,0,0,40701,11869,12269,0,0,431,0,0,0,0,0,0,0,0,0,0,0,0,0,0,0,0,0,0,0,0,0,188,49,56,0,0,5,0,0,0,0,0,0,0,0,0,0,0,0,0,0,0,0,0,0,0,0,0,0,0,0,0,0,0,0,0,0,70771,5.85
1S39,1S39_ligand,1533,401,459,0,0,43,0,0,0,626,155,193,0,0,14,0,0,0,20932,5952,6102,0,0,213,0,0,0,0,0,0,0,0,0,0,0,0,0,0,0,0,0,0,0,0,0,0,0,0,0,0,0,0,0,0,0,0,0,0,0,0,0,0,0,0,0,0,0,0,0,0,0,0,0,0,0,0,0,0,0,0,0,36623,7.7
1KV1,1KV1_ligand,3032,783,777,0,0,18,0,0,0,771,195,199,0,0,4,0,0,0,9843,2552,2685,0,0,71,0,0,0,0,0,0,0,0,0,0,0,0,0,0,0,0,0,0,0,0,0,0,0,0,0,0,0,0,0,0,0,0,0,0,0,0,0,0,0,0,0,0,0,0,0,0,0,0,0,0,0,0,0,0,0,0,0,20930,5.94
2BAK,2BAK_ligand,5337,1358,1442,0,0,52,0,0,0,1197,308,327,0,0,12,0,0,0,11073,2910,3057,0,0,70,0,0,0,0,0,0,0,0,0,0,0,0,0,0,0,0,0,0,0,0,0,0,0,0,0,0,0,0,0,0,0,0,0,0,0,0,0,0,0,0,0,0,0,0,0,0,0,0,0,0,0,0,0,0,0,0,0,27143,7.43
2BAJ,2BAJ_ligand,4049,1075,1050,0,0,26,0,0,0,813,213,205,0,0,4,0,0,0,13791,3688,3781,0,0,69,0,0,0,0,0,0,0,0,0,0,0,0,0,0,0,0,0,0,0,0,0,0,0,0,0,0,0,0,0,0,0,0,0,0,0,0,0,0,0,0,0,0,0,0,0,0,0,0,0,0,0,0,0,0,0,0,0,28764,8.4
1NDW,1NDW_ligand,2791,707,667,0,0,52,0,0,0,648,168,168,0,0,14,0,0,0,50374,13377,15080,0,0,337,0,0,0,0,0,0,0,0,0,0,0,0,0,0,0,0,0,0,0,0,0,0,0,0,0,0,0,0,0,0,0,0,0,0,0,0,0,0,0,0,0,0,0,0,0,0,0,0,0,0,0,0,0,0,0,0,0,84383,5.23
1NDY,1NDY_ligand,3579,883,878,0,0,66,0,0,0,655,169,166,0,0,15,0,0,0,46656,12410,14099,0,0,317,0,0,0,0,0,0,0,0,0,0,0,0,0,0,0,0,0,0,0,0,0,0,0,0,0,0,0,0,0,0,0,0,0,0,0,0,0,0,0,0,0,0,0,0,0,0,0,0,0,0,0,0,0,0,0,0,0,79893,6.17
1NDZ,1NDZ_ligand,5062,1272,1333,0,0,81,0,0,0,1380,357,364,0,0,26,0,0,0,52464,13991,15860,0,0,324,0,0,0,0,0,0,0,0,0,0,0,0,0,0,0,0,0,0,0,0,0,0,0,0,0,0,0,0,0,0,0,0,0,0,0,0,0,0,0,0,0,0,0,0,0,0,0,0,0,0,0,0,0,0,0,0,0,92514,8.11
2HDQ,2HDQ_ligand,8029,2304,2363,0,0,30,0,0,0,0,0,0,0,0,0,0,0,0,64706,17241,18854,0,0,194,0,0,0,0,0,0,0,0,0,0,0,0,0,0,0,0,0,0,0,0,0,1573,451,462,0,0,4,0,0,0,0,0,0,0,0,0,0,0,0,0,0,0,0,0,0,0,0,0,0,0,0,0,0,0,0,0,0,116211,1.4
1L2S,1L2S_ligand,5518,1669,1826,0,0,3,0,0,0,551,164,182,0,0,0,0,0,0,49396,13004,14233,0,0,162,0,0,0,0,0,0,0,0,0,0,0,0,0,0,0,0,0,0,0,0,0,1075,311,346,0,0,0,0,0,0,0,0,0,0,0,0,0,0,0,0,0,0,0,0,0,0,0,0,0,0,0,0,0,0,0,0,0,88440,4.59
1XGJ,1XGJ_ligand,3427,1141,1226,0,0,0,0,0,0,334,105,126,0,0,0,0,0,0,67298,17832,19466,0,0,203,0,0,0,0,0,0,0,0,0,0,0,0,0,0,0,0,0,0,0,0,0,641,202,225,0,0,0,0,0,0,0,0,0,0,0,0,0,0,0,0,0,0,0,0,0,0,0,0,0,0,0,0,0,0,0,0,0,112226,6
1Q8T,1Q8T_ligand,3832,999,1125,0,0,31,0,0,0,873,233,249,0,0,6,0,0,0,28214,7448,7883,0,0,127,0,0,0,0,0,0,0,0,0,0,0,0,225,71,73,0,0,2,0,0,0,0,0,0,0,0,0,0,0,0,0,0,0,0,0,0,0,0,0,0,0,0,0,0,0,0,0,0,0,0,0,0,0,0,0,0,0,51391,4.76
1YDT,1YDT_ligand,4779,1216,1424,0,0,56,0,0,0,861,223,241,0,0,6,0,0,0,5306,1445,1595,0,0,45,0,0,0,0,0,0,0,0,0,0,0,0,199,62,61,0,0,2,0,0,0,214,58,65,0,0,3,0,0,0,0,0,0,0,0,0,0,0,0,0,0,0,0,0,0,0,0,0,0,0,0,0,0,0,0,0,0,17861,7.32
1RE8,1RE8_ligand,6393,1577,1902,0,0,71,0,0,0,610,147,177,0,0,7,0,0,0,32567,8417,9202,0,0,143,0,0,0,0,0,0,0,0,0,0,0,0,196,59,54,0,0,2,0,0,0,0,0,0,0,0,0,0,0,0,0,0,0,0,0,0,0,0,0,0,0,0,0,0,0,0,0,0,0,0,0,0,0,0,0,0,0,61524,9.52
1G7Q,1G7Q_ligand,989,330,340,0,0,5,0,0,0,97,32,29,0,0,0,0,0,0,30304,8250,8872,0,0,246,0,0,0,0,0,0,0,0,0,0,0,0,0,0,0,0,0,0,0,0,0,0,0,0,0,0,0,0,0,0,0,0,0,0,0,0,0,0,0,0,0,0,0,0,0,0,0,0,0,0,0,0,0,0,0,0,0,49494,6.06
1FZJ,1FZJ_ligand,4043,1177,1152,0,0,35,0,0,0,256,69,70,0,0,0,0,0,0,41697,11281,12191,0,0,299,0,0,0,0,0,0,0,0,0,0,0,0,215,66,65,0,0,3,0,0,0,118,28,33,0,0,0,0,0,0,0,0,0,0,0,0,0,0,0,0,0,0,0,0,0,0,0,0,0,0,0,0,0,0,0,0,0,72798,8.1
1FZK,1FZK_ligand,4202,1246,1170,0,0,36,0,0,0,256,68,69,0,0,0,0,0,0,47854,13076,13971,0,0,341,0,0,0,0,0,0,0,0,0,0,0,0,214,64,64,0,0,3,0,0,0,115,28,33,0,0,0,0,0,0,0,0,0,0,0,0,0,0,0,0,0,0,0,0,0,0,0,0,0,0,0,0,0,0,0,0,0,82810,8.4
1M2Q,1M2Q_ligand,2630,700,677,0,0,19,0,0,0,211,52,56,0,0,2,0,0,0,22381,5953,6068,0,0,142,0,0,0,0,0,0,0,0,0,0,0,0,0,0,0,0,0,0,0,0,0,0,0,0,0,0,0,0,0,0,0,0,0,0,0,0,0,0,0,0,0,0,0,0,0,0,0,0,0,0,0,0,0,0,0,0,0,38891,6.1
1OM1,1OM1_ligand,3391,896,897,0,0,30,0,0,0,410,113,108,0,0,3,0,0,0,31681,8307,8645,0,0,182,0,0,0,0,0,0,0,0,0,0,0,0,0,0,0,0,0,0,0,0,0,0,0,0,0,0,0,0,0,0,0,0,0,0,0,0,0,0,0,0,0,0,0,0,0,0,0,0,0,0,0,0,0,0,0,0,0,54663,6.77
1ZOE,1ZOE_ligand,1980,529,549,0,0,18,0,0,0,588,155,146,0,0,3,0,0,0,30845,8187,8364,0,0,197,0,0,0,0,0,0,0,0,0,0,0,0,0,0,0,0,0,0,0,0,0,137,34,40,0,0,1,0,0,0,0,0,0,0,0,0,0,0,0,0,0,0,0,0,0,0,0,0,0,0,0,0,0,0,0,0,0,51773,7.4
2AZR,2AZR_ligand,1531,521,473,0,0,18,0,0,0,120,47,40,0,0,2,0,0,0,26103,7257,7566,0,0,296,0,0,0,0,0,0,0,0,0,0,0,0,0,0,0,0,0,0,0,0,0,128,48,49,0,0,2,0,0,0,0,0,0,0,0,0,0,0,0,0,0,0,0,0,0,0,0,0,0,0,0,0,0,0,0,0,0,44201,3.64
1G7F,1G7F_ligand,2560,909,794,0,0,41,0,0,0,212,83,63,0,0,5,0,0,0,48370,13577,14259,0,0,483,0,0,0,0,0,0,0,0,0,0,0,0,0,0,0,0,0,0,0,0,0,0,0,0,0,0,0,0,0,0,0,0,0,0,0,0,0,0,0,0,0,0,0,0,0,0,0,0,0,0,0,0,0,0,0,0,0,81356,5.47
1NNY,1NNY_ligand,5104,1623,1560,0,0,71,0,0,0,322,108,100,0,0,5,0,0,0,23153,6429,6625,0,0,246,0,0,0,0,0,0,0,0,0,0,0,0,0,0,0,0,0,0,0,0,0,0,0,0,0,0,0,0,0,0,0,0,0,0,0,0,0,0,0,0,0,0,0,0,0,0,0,0,0,0,0,0,0,0,0,0,0,45346,7.66
5ER1,5ER1_ligand,3865,926,1422,0,0,0,0,0,0,625,149,230,0,0,0,0,0,0,29790,7374,10227,0,0,25,0,0,0,0,0,0,0,0,0,0,0,0,0,0,0,0,0,0,0,0,0,0,0,0,0,0,0,0,0,0,0,0,0,0,0,0,0,0,0,0,0,0,0,0,0,0,0,0,0,0,0,0,0,0,0,0,0,54633,6.02
2ER9,2ER9_ligand,2291,551,781,0,0,9,0,0,0,196,48,63,0,0,0,0,0,0,27942,6982,9472,0,0,27,0,0,0,0,0,0,0,0,0,0,0,0,0,0,0,0,0,0,0,0,0,0,0,0,0,0,0,0,0,0,0,0,0,0,0,0,0,0,0,0,0,0,0,0,0,0,0,0,0,0,0,0,0,0,0,0,0,48362,7.4
4ER2,4ER2_ligand,3201,749,1136,0,0,0,0,0,0,315,78,109,0,0,0,0,0,0,32705,8113,11257,0,0,33,0,0,0,0,0,0,0,0,0,0,0,0,0,0,0,0,0,0,0,0,0,212,50,84,0,0,0,0,0,0,0,0,0,0,0,0,0,0,0,0,0,0,0,0,0,0,0,0,0,0,0,0,0,0,0,0,0,58042,9.3
1PPM,1PPM_ligand,5182,1346,1958,0,0,2,0,0,0,468,113,175,0,0,0,0,0,0,33881,8701,11698,0,0,38,0,0,0,0,0,0,0,0,0,0,0,0,184,47,61,0,0,0,0,0,0,100,21,32,0,0,0,0,0,0,0,0,0,0,0,0,0,0,0,0,0,0,0,0,0,0,0,0,0,0,0,0,0,0,0,0,0,64007,5.8
1APW,1APW_ligand,3699,950,1325,0,0,0,0,0,0,501,130,177,0,0,0,0,0,0,32086,8119,10964,0,0,35,0,0,0,378,85,120,0,0,0,0,0,0,0,0,0,0,0,0,0,0,0,98,21,32,0,0,0,0,0,0,0,0,0,0,0,0,0,0,0,0,0,0,0,0,0,0,0,0,0,0,0,0,0,0,0,0,0,58720,8
1BXO,1BXO_ligand,5827,1508,2165,0,0,0,0,0,0,608,150,231,0,0,0,0,0,0,50430,13150,17896,0,0,78,0,0,0,0,0,0,0,0,0,0,0,0,180,46,62,0,0,0,0,0,0,96,21,31,0,0,0,0,0,0,0,0,0,0,0,0,0,0,0,0,0,0,0,0,0,0,0,0,0,0,0,0,0,0,0,0,0,92479,10
1NJE,1NJE_ligand,1608,435,423,0,0,10,0,0,0,585,145,134,0,0,3,0,0,0,8247,2094,2131,0,0,54,0,0,0,0,0,0,0,0,0,0,0,0,130,38,40,0,0,2,0,0,0,0,0,0,0,0,0,0,0,0,0,0,0,0,0,0,0,0,0,0,0,0,0,0,0,0,0,0,0,0,0,0,0,0,0,0,0,16079,3.8
1TSY,1TSY_ligand,1587,436,396,0,0,9,0,0,0,395,96,87,0,0,2,0,0,0,8221,2059,2151,0,0,39,0,0,0,0,0,0,0,0,0,0,0,0,126,38,39,0,0,2,0,0,0,0,0,0,0,0,0,0,0,0,0,0,0,0,0,0,0,0,0,0,0,0,0,0,0,0,0,0,0,0,0,0,0,0,0,0,0,15683,4.96
1NJA,1NJA_ligand,1601,426,408,0,0,17,0,0,0,594,147,131,0,0,6,0,0,0,9318,2348,2472,0,0,64,0,0,0,0,0,0,0,0,0,0,0,0,132,40,39,0,0,2,0,0,0,0,0,0,0,0,0,0,0,0,0,0,0,0,0,0,0,0,0,0,0,0,0,0,0,0,0,0,0,0,0,0,0,0,0,0,0,17745,6.31
4TLN,4TLN_ligand,1151,320,355,0,0,6,0,0,0,376,97,112,0,0,1,0,0,0,17858,4762,5716,0,0,30,0,0,0,0,0,0,0,0,0,0,0,0,0,0,0,0,0,0,0,0,0,0,0,0,0,0,0,0,0,0,0,0,0,0,0,0,0,0,0,0,0,0,0,0,0,0,0,0,0,0,0,0,0,0,0,0,0,30784,3.72
1TMN,1TMN_ligand,3907,1028,1213,0,0,10,0,0,0,489,126,145,0,0,1,0,0,0,17401,4592,5565,0,0,30,0,0,0,0,0,0,0,0,0,0,0,0,0,0,0,0,0,0,0,0,0,0,0,0,0,0,0,0,0,0,0,0,0,0,0,0,0,0,0,0,0,0,0,0,0,0,0,0,0,0,0,0,0,0,0,0,0,34507,7.3
4TMN,4TMN_ligand,3903,1090,1253,0,0,12,0,0,0,537,140,162,0,0,2,0,0,0,20027,5319,6412,0,0,32,0,0,0,0,0,0,0,0,0,0,0,0,193,52,60,0,0,1,0,0,0,0,0,0,0,0,0,0,0,0,0,0,0,0,0,0,0,0,0,0,0,0,0,0,0,0,0,0,0,0,0,0,0,0,0,0,0,39195,10.17
1FH7,1FH7_ligand,1712,514,544,0,0,0,0,0,0,191,57,62,0,0,0,0,0,0,31910,8782,9595,0,0,171,0,0,0,0,0,0,0,0,0,0,0,0,0,0,0,0,0,0,0,0,0,0,0,0,0,0,0,0,0,0,0,0,0,0,0,0,0,0,0,0,0,0,0,0,0,0,0,0,0,0,0,0,0,0,0,0,0,53538,5.24
1FH9,1FH9_ligand,1714,510,546,0,0,0,0,0,0,392,117,124,0,0,0,0,0,0,32273,8880,9705,0,0,172,0,0,0,0,0,0,0,0,0,0,0,0,0,0,0,0,0,0,0,0,0,0,0,0,0,0,0,0,0,0,0,0,0,0,0,0,0,0,0,0,0,0,0,0,0,0,0,0,0,0,0,0,0,0,0,0,0,54433,6.43
1FH8,1FH8_ligand,1681,506,536,0,0,0,0,0,0,198,61,65,0,0,0,0,0,0,29206,8099,8866,0,0,175,0,0,0,0,0,0,0,0,0,0,0,0,0,0,0,0,0,0,0,0,0,0,0,0,0,0,0,0,0,0,0,0,0,0,0,0,0,0,0,0,0,0,0,0,0,0,0,0,0,0,0,0,0,0,0,0,0,49393,6.89
2FZC,2FZC_ligand,4742,1508,1486,0,0,0,0,0,0,1625,502,511,0,0,0,0,0,0,87678,24833,26594,0,0,563,0,0,0,0,0,0,0,0,0,0,0,0,1087,389,365,0,0,2,0,0,0,0,0,0,0,0,0,0,0,0,0,0,0,0,0,0,0,0,0,0,0,0,0,0,0,0,0,0,0,0,0,0,0,0,0,0,0,151885,2.7
2H3E,2H3E_ligand,2419,859,747,0,0,0,0,0,0,826,299,263,0,0,0,0,0,0,59006,16925,17766,0,0,448,0,0,0,0,0,0,0,0,0,0,0,0,319,123,102,0,0,0,0,0,0,0,0,0,0,0,0,0,0,0,0,0,0,0,0,0,0,0,0,0,0,0,0,0,0,0,0,0,0,0,0,0,0,0,0,0,0,100102,5.7
1D09,1D09_ligand,2360,844,747,0,0,0,0,0,0,388,136,124,0,0,0,0,0,0,45281,13527,14715,0,0,276,0,0,0,0,0,0,0,0,0,0,0,0,313,123,100,0,0,0,0,0,0,0,0,0,0,0,0,0,0,0,0,0,0,0,0,0,0,0,0,0,0,0,0,0,0,0,0,0,0,0,0,0,0,0,0,0,0,78934,7.57
2CTC,2CTC_ligand,2004,573,615,0,0,0,0,0,0,0,0,0,0,0,0,0,0,0,23580,6140,7057,0,0,57,0,0,0,0,0,0,0,0,0,0,0,0,0,0,0,0,0,0,0,0,0,0,0,0,0,0,0,0,0,0,0,0,0,0,0,0,0,0,0,0,0,0,0,0,0,0,0,0,0,0,0,0,0,0,0,0,0,40026,3.89
8CPA,8CPA_ligand,3459,1012,1104,0,0,0,0,0,0,282,94,88,0,0,0,0,0,0,28942,7748,8695,0,0,70,0,0,0,0,0,0,0,0,0,0,0,0,193,58,64,0,0,0,0,0,0,0,0,0,0,0,0,0,0,0,0,0,0,0,0,0,0,0,0,0,0,0,0,0,0,0,0,0,0,0,0,0,0,0,0,0,0,51809,9.15
7CPA,7CPA_ligand,4476,1344,1426,0,0,0,0,0,0,283,91,89,0,0,0,0,0,0,26589,7081,7934,0,0,65,0,0,0,0,0,0,0,0,0,0,0,0,194,61,60,0,0,0,0,0,0,0,0,0,0,0,0,0,0,0,0,0,0,0,0,0,0,0,0,0,0,0,0,0,0,0,0,0,0,0,0,0,0,0,0,0,0,49693,13.96
1E1V,1E1V_ligand,2613,657,711,0,0,2,0,0,0,1027,258,260,0,0,0,0,0,0,22377,5698,5858,0,0,122,0,0,0,0,0,0,0,0,0,0,0,0,0,0,0,0,0,0,0,0,0,0,0,0,0,0,0,0,0,0,0,0,0,0,0,0,0,0,0,0,0,0,0,0,0,0,0,0,0,0,0,0,0,0,0,0,0,39583,4.92
1B39,1B39_ligand,2141,540,562,0,0,2,0,0,0,999,251,249,0,0,0,0,0,0,20236,5298,5434,0,0,92,0,0,0,0,0,0,0,0,0,0,0,0,578,150,164,0,0,0,0,0,0,0,0,0,0,0,0,0,0,0,0,0,0,0,0,0,0,0,0,0,0,0,0,0,0,0,0,0,0,0,0,0,0,0,0,0,0,36696,6.92
1PXO,1PXO_ligand,2784,681,713,0,0,1,0,0,0,1207,300,310,0,0,0,0,0,0,20400,5188,5401,0,0,105,0,0,0,0,0,0,0,0,0,0,0,0,0,0,0,0,0,0,0,0,0,221,52,54,0,0,0,0,0,0,0,0,0,0,0,0,0,0,0,0,0,0,0,0,0,0,0,0,0,0,0,0,0,0,0,0,0,37417,8.7
1BCU,1BCU_ligand,3148,837,969,0,0,66,0,0,0,531,143,175,0,0,13,0,0,0,27992,7629,8014,0,0,330,0,0,0,0,0,0,0,0,0,0,0,0,0,0,0,0,0,0,0,0,0,133,31,35,0,0,1,0,0,0,0,0,0,0,0,0,0,0,0,0,0,0,0,0,0,0,0,0,0,0,0,0,0,0,0,0,0,50047,3.28
1VZQ,1VZQ_ligand,4007,1050,1223,0,0,88,0,0,0,697,189,231,0,0,19,0,0,0,44196,12068,12775,0,0,497,0,0,0,0,0,0,0,0,0,0,0,0,0,0,0,0,0,0,0,0,0,0,0,0,0,0,0,0,0,0,0,0,0,0,0,0,0,0,0,0,0,0,0,0,0,0,0,0,0,0,0,0,0,0,0,0,0,77040,7.44
1SL3,1SL3_ligand,4649,1210,1392,0,0,88,0,0,0,1425,379,450,0,0,36,0,0,0,31762,8731,9410,0,0,360,0,0,0,256,66,73,0,0,5,0,0,0,0,0,0,0,0,0,0,0,0,129,31,36,0,0,1,0,0,0,0,0,0,0,0,0,0,0,0,0,0,0,0,0,0,0,0,0,0,0,0,0,0,0,0,0,0,60489,11.85
2BRB,2BRB_ligand,3145,809,1039,0,0,20,0,0,0,582,144,182,0,0,3,0,0,0,26370,7038,7318,0,0,209,0,0,0,0,0,0,0,0,0,0,0,0,0,0,0,0,0,0,0,0,0,117,34,30,0,0,1,0,0,0,0,0,0,0,0,0,0,0,0,0,0,0,0,0,0,0,0,0,0,0,0,0,0,0,0,0,0,47041,4.86
2BRM,2BRM_ligand,3157,837,1026,0,0,20,0,0,0,760,189,232,0,0,4,0,0,0,25769,6849,7107,0,0,217,0,0,0,0,0,0,0,0,0,0,0,0,0,0,0,0,0,0,0,0,0,0,0,0,0,0,0,0,0,0,0,0,0,0,0,0,0,0,0,0,0,0,0,0,0,0,0,0,0,0,0,0,0,0,0,0,0,46167,5.89
1NVQ,1NVQ_ligand,4893,1251,1528,0,0,27,0,0,0,685,175,218,0,0,4,0,0,0,24212,6481,6671,0,0,193,0,0,0,0,0,0,0,0,0,0,0,0,0,0,0,0,0,0,0,0,0,121,34,31,0,0,1,0,0,0,0,0,0,0,0,0,0,0,0,0,0,0,0,0,0,0,0,0,0,0,0,0,0,0,0,0,0,46525,8.25
1JQD,1JQD_ligand,7279,1574,1865,0,0,120,0,0,0,3432,759,933,0,0,56,0,0,0,38081,9414,11271,0,0,389,0,0,0,0,0,0,0,0,0,0,0,0,0,0,0,0,0,0,0,0,0,366,70,85,0,0,6,0,0,0,0,0,0,0,0,0,0,0,0,0,0,0,0,0,0,0,0,0,0,0,0,0,0,0,0,0,0,75700,5.16
2AOV,2AOV_ligand,7111,1470,1846,0,0,101,0,0,0,2670,560,689,0,0,51,0,0,0,11760,2850,3432,0,0,128,0,0,0,0,0,0,0,0,0,0,0,0,0,0,0,0,0,0,0,0,0,322,75,92,0,0,6,0,0,0,0,0,0,0,0,0,0,0,0,0,0,0,0,0,0,0,0,0,0,0,0,0,0,0,0,0,0,33163,7.04
2AOU,2AOU_ligand,14264,3087,3978,0,0,185,0,0,0,2606,567,732,0,0,28,0,0,0,40539,10002,12158,0,0,386,0,0,0,0,0,0,0,0,0,0,0,0,0,0,0,0,0,0,0,0,0,462,109,140,0,0,3,0,0,0,0,0,0,0,0,0,0,0,0,0,0,0,0,0,0,0,0,0,0,0,0,0,0,0,0,0,0,89246,7.73
1Y1M,1Y1M_ligand,2731,627,674,0,0,28,0,0,0,453,114,106,0,0,6,0,0,0,80046,20793,23031,0,0,872,0,0,0,0,0,0,0,0,0,0,0,0,0,0,0,0,0,0,0,0,0,0,0,0,0,0,0,0,0,0,0,0,0,0,0,0,0,0,0,0,0,0,0,0,0,0,0,0,0,0,0,0,0,0,0,0,0,129481,1.82
1PB9,1PB9_ligand,754,173,194,0,0,9,0,0,0,489,116,116,0,0,5,0,0,0,32322,8361,9730,0,0,378,0,0,0,0,0,0,0,0,0,0,0,0,0,0,0,0,0,0,0,0,0,0,0,0,0,0,0,0,0,0,0,0,0,0,0,0,0,0,0,0,0,0,0,0,0,0,0,0,0,0,0,0,0,0,0,0,0,52647,3.62
1PBQ,1PBQ_ligand,3914,939,969,0,0,45,0,0,0,401,100,96,0,0,6,0,0,0,57821,14990,16212,0,0,691,0,0,0,0,0,0,0,0,0,0,0,0,0,0,0,0,0,0,0,0,0,0,0,0,0,0,0,0,0,0,0,0,0,0,0,0,0,0,0,0,0,0,0,0,0,0,0,0,0,0,0,0,0,0,0,0,0,96184,6.27
1VFN,1VFN_ligand,947,257,282,0,0,13,0,0,0,749,207,226,0,0,13,0,0,0,15333,4246,4294,0,0,172,0,0,0,0,0,0,0,0,0,0,0,0,0,0,0,0,0,0,0,0,0,0,0,0,0,0,0,0,0,0,0,0,0,0,0,0,0,0,0,0,0,0,0,0,0,0,0,0,0,0,0,0,0,0,0,0,0,26739,5.6
1V48,1V48_ligand,1603,420,483,0,0,29,0,0,0,806,206,233,0,0,18,0,0,0,20311,5546,5747,0,0,224,0,0,0,334,86,96,0,0,6,0,0,0,177,47,49,0,0,4,0,0,0,0,0,0,0,0,0,0,0,0,0,0,0,0,0,0,0,0,0,0,0,0,0,0,0,0,0,0,0,0,0,0,0,0,0,0,0,36425,7.8
1B8O,1B8O_ligand,2230,640,648,0,0,25,0,0,0,796,229,233,0,0,12,0,0,0,23364,6637,6803,0,0,249,0,0,0,0,0,0,0,0,0,0,0,0,227,63,65,0,0,4,0,0,0,0,0,0,0,0,0,0,0,0,0,0,0,0,0,0,0,0,0,0,0,0,0,0,0,0,0,0,0,0,0,0,0,0,0,0,0,42225,10.64
1P1Q,1P1Q_ligand,4902,1155,1432,0,0,90,0,0,0,1427,341,407,0,0,21,0,0,0,59644,15210,17733,0,0,576,0,0,0,0,0,0,0,0,0,0,0,0,0,0,0,0,0,0,0,0,0,0,0,0,0,0,0,0,0,0,0,0,0,0,0,0,0,0,0,0,0,0,0,0,0,0,0,0,0,0,0,0,0,0,0,0,0,102938,4.89
1SYH,1SYH_ligand,2225,510,645,0,0,42,0,0,0,672,156,196,0,0,12,0,0,0,42646,11275,12786,0,0,413,0,0,0,0,0,0,0,0,0,0,0,0,0,0,0,0,0,0,0,0,0,0,0,0,0,0,0,0,0,0,0,0,0,0,0,0,0,0,0,0,0,0,0,0,0,0,0,0,0,0,0,0,0,0,0,0,0,71578,6.31
1FTM,1FTM_ligand,4910,1153,1421,0,0,91,0,0,0,1440,339,411,0,0,22,0,0,0,59826,15280,17636,0,0,574,0,0,0,0,0,0,0,0,0,0,0,0,0,0,0,0,0,0,0,0,0,0,0,0,0,0,0,0,0,0,0,0,0,0,0,0,0,0,0,0,0,0,0,0,0,0,0,0,0,0,0,0,0,0,0,0,0,103103,7.61
1FCX,1FCX_ligand,8024,1883,1907,0,0,207,0,0,0,0,0,0,0,0,0,0,0,0,30817,8454,9197,0,0,421,0,0,0,0,0,0,0,0,0,0,0,0,0,0,0,0,0,0,0,0,0,0,0,0,0,0,0,0,0,0,0,0,0,0,0,0,0,0,0,0,0,0,0,0,0,0,0,0,0,0,0,0,0,0,0,0,0,60910,7.19
1FD0,1FD0_ligand,8013,1884,1912,0,0,207,0,0,0,249,57,55,0,0,8,0,0,0,34261,9424,10321,0,0,461,0,0,0,0,0,0,0,0,0,0,0,0,0,0,0,0,0,0,0,0,0,0,0,0,0,0,0,0,0,0,0,0,0,0,0,0,0,0,0,0,0,0,0,0,0,0,0,0,0,0,0,0,0,0,0,0,0,66852,8.4
1FCZ,1FCZ_ligand,7659,1792,1826,0,0,192,0,0,0,0,0,0,0,0,0,0,0,0,31617,8621,9502,0,0,431,0,0,0,0,0,0,0,0,0,0,0,0,0,0,0,0,0,0,0,0,0,0,0,0,0,0,0,0,0,0,0,0,0,0,0,0,0,0,0,0,0,0,0,0,0,0,0,0,0,0,0,0,0,0,0,0,0,61640,9.22
1F4E,1F4E_ligand,5394,1347,1412,0,0,57,0,0,0,506,130,125,0,0,5,0,0,0,28117,7560,7819,0,0,226,0,0,0,0,0,0,0,0,0,0,0,0,0,0,0,0,0,0,0,0,0,870,240,230,0,0,7,0,0,0,0,0,0,0,0,0,0,0,0,0,0,0,0,0,0,0,0,0,0,0,0,0,0,0,0,0,0,54045,2.96
1F4F,1F4F_ligand,8328,1996,2031,0,0,112,0,0,0,1120,284,261,0,0,13,0,0,0,64233,17553,18134,0,0,518,0,0,0,0,0,0,0,0,0,0,0,0,0,0,0,0,0,0,0,0,0,1407,373,340,0,0,15,0,0,0,0,0,0,0,0,0,0,0,0,0,0,0,0,0,0,0,0,0,0,0,0,0,0,0,0,0,0,116718,4.62
1F4G,1F4G_ligand,12208,2967,3006,0,0,156,0,0,0,1922,468,454,0,0,22,0,0,0,72819,19894,20684,0,0,534,0,0,0,0,0,0,0,0,0,0,0,0,0,0,0,0,0,0,0,0,0,1729,438,415,0,0,21,0,0,0,0,0,0,0,0,0,0,0,0,0,0,0,0,0,0,0,0,0,0,0,0,0,0,0,0,0,0,137737,6.48
1F5K,1F5K_ligand,1328,362,405,0,0,34,0,0,0,408,109,117,0,0,9,0,0,0,20323,5534,6097,0,0,302,0,0,0,0,0,0,0,0,0,0,0,0,0,0,0,0,0,0,0,0,0,143,41,49,0,0,4,0,0,0,0,0,0,0,0,0,0,0,0,0,0,0,0,0,0,0,0,0,0,0,0,0,0,0,0,0,0,35265,3.74
1O3P,1O3P_ligand,3649,1050,1162,0,0,73,0,0,0,716,206,226,0,0,18,0,0,0,26182,7199,7777,0,0,361,0,0,0,0,0,0,0,0,0,0,0,0,0,0,0,0,0,0,0,0,0,0,0,0,0,0,0,0,0,0,0,0,0,0,0,0,0,0,0,0,0,0,0,0,0,0,0,0,0,0,0,0,0,0,0,0,0,48619,6.66
1SQA,1SQA_ligand,3365,985,1073,0,0,84,0,0,0,1037,300,318,0,0,22,0,0,0,8016,2157,2374,0,0,121,0,0,0,0,0,0,0,0,0,0,0,0,0,0,0,0,0,0,0,0,0,279,79,90,0,0,5,0,0,0,0,0,0,0,0,0,0,0,0,0,0,0,0,0,0,0,0,0,0,0,0,0,0,0,0,0,0,20305,9.21
2B1V,2B1V_ligand,11420,2688,2726,0,0,317,0,0,0,900,216,225,0,0,20,0,0,0,17797,4582,4587,0,0,249,0,0,0,0,0,0,0,0,0,0,0,0,0,0,0,0,0,0,0,0,0,1623,415,426,0,0,36,0,0,0,0,0,0,0,0,0,0,0,0,0,0,0,0,0,0,0,0,0,0,0,0,0,0,0,0,0,0,48227,5.74
2FAI,2FAI_ligand,11656,2766,2771,0,0,327,0,0,0,883,213,223,0,0,20,0,0,0,7406,1884,1854,0,0,122,0,0,0,0,0,0,0,0,0,0,0,0,0,0,0,0,0,0,0,0,0,1557,412,412,0,0,35,0,0,0,0,0,0,0,0,0,0,0,0,0,0,0,0,0,0,0,0,0,0,0,0,0,0,0,0,0,0,32541,6.24
2AYR,2AYR_ligand,5815,1360,1368,0,0,194,0,0,0,161,38,39,0,0,5,0,0,0,14978,3852,4014,0,0,220,0,0,0,0,0,0,0,0,0,0,0,0,0,0,0,0,0,0,0,0,0,169,37,42,0,0,8,0,0,0,0,0,0,0,0,0,0,0,0,0,0,0,0,0,0,0,0,0,0,0,0,0,0,0,0,0,0,32300,9.29
1AVN,1AVN_ligand,734,196,167,0,0,2,0,0,0,1202,326,288,0,0,3,0,0,0,18083,4933,5189,0,0,35,0,0,0,0,0,0,0,0,0,0,0,0,0,0,0,0,0,0,0,0,0,0,0,0,0,0,0,0,0,0,0,0,0,0,0,0,0,0,0,0,0,0,0,0,0,0,0,0,0,0,0,0,0,0,0,0,0,31158,3.9
1TTM,1TTM_ligand,2364,627,568,0,0,14,0,0,0,242,70,64,0,0,1,0,0,0,19867,5361,5620,0,0,39,0,0,0,0,0,0,0,0,0,0,0,0,0,0,0,0,0,0,0,0,0,237,68,59,0,0,1,0,0,0,0,0,0,0,0,0,0,0,0,0,0,0,0,0,0,0,0,0,0,0,0,0,0,0,0,0,0,35202,7.35
1IF7,1IF7_ligand,2672,694,623,0,0,19,0,0,0,508,136,122,0,0,2,0,0,0,15176,4086,4291,0,0,26,0,0,0,0,0,0,0,0,0,0,0,0,0,0,0,0,0,0,0,0,0,234,67,59,0,0,1,0,0,0,0,0,0,0,0,0,0,0,0,0,0,0,0,0,0,0,0,0,0,0,0,0,0,0,0,0,0,28716,10.52
2BOK,2BOK_ligand,3347,925,1056,0,0,90,0,0,0,793,225,256,0,0,21,0,0,0,29875,8196,8953,0,0,591,0,0,0,0,0,0,0,0,0,0,0,0,0,0,0,0,0,0,0,0,0,0,0,0,0,0,0,0,0,0,0,0,0,0,0,0,0,0,0,0,0,0,0,0,0,0,0,0,0,0,0,0,0,0,0,0,0,54328,6.55
1NFY,1NFY_ligand,2943,822,946,0,0,77,0,0,0,489,132,155,0,0,10,0,0,0,21869,5945,6568,0,0,433,0,0,0,0,0,0,0,0,0,0,0,0,0,0,0,0,0,0,0,0,0,327,102,107,0,0,9,0,0,0,0,0,0,0,0,0,0,0,0,0,0,0,0,0,0,0,0,0,0,0,0,0,0,0,0,0,0,40934,8.89
1MQ6,1MQ6_ligand,4470,1209,1331,0,0,106,0,0,0,712,197,226,0,0,16,0,0,0,21992,6075,6604,0,0,416,0,0,0,0,0,0,0,0,0,0,0,0,0,0,0,0,0,0,0,0,0,109,32,37,0,0,3,0,0,0,0,0,0,0,0,0,0,0,0,0,0,0,0,0,0,0,0,0,0,0,0,0,0,0,0,0,0,43535,11.15
2USN,2USN_ligand,2559,687,648,0,0,4,0,0,0,683,182,176,0,0,3,0,0,0,9507,2516,2793,0,0,35,0,0,0,0,0,0,0,0,0,0,0,0,0,0,0,0,0,0,0,0,0,356,94,81,0,0,2,0,0,0,0,0,0,0,0,0,0,0,0,0,0,0,0,0,0,0,0,0,0,0,0,0,0,0,0,0,0,20326,6.51
2D1O,2D1O_ligand,8707,2167,2323,0,0,42,0,0,0,1927,473,529,0,0,10,0,0,0,24058,6304,7181,0,0,67,0,0,0,0,0,0,0,0,0,0,0,0,0,0,0,0,0,0,0,0,0,0,0,0,0,0,0,0,0,0,0,0,0,0,0,0,0,0,0,0,0,0,0,0,0,0,0,0,0,0,0,0,0,0,0,0,0,53788,7.7
1HFS,1HFS_ligand,6227,1599,1690,0,0,22,0,0,0,370,95,101,0,0,1,0,0,0,14794,3947,4466,0,0,59,0,0,0,168,44,48,0,0,1,0,0,0,0,0,0,0,0,0,0,0,0,0,0,0,0,0,0,0,0,0,0,0,0,0,0,0,0,0,0,0,0,0,0,0,0,0,0,0,0,0,0,0,0,0,0,0,0,33632,8.7
2FLB,2FLB_ligand,2659,772,912,0,0,68,0,0,0,957,306,339,0,0,25,0,0,0,39645,10823,12179,0,0,606,0,0,0,0,0,0,0,0,0,0,0,0,0,0,0,0,0,0,0,0,0,0,0,0,0,0,0,0,0,0,0,0,0,0,0,0,0,0,0,0,0,0,0,0,0,0,0,0,0,0,0,0,0,0,0,0,0,69291,5.74
2BZ6,2BZ6_ligand,2967,883,1050,0,0,97,0,0,0,541,160,178,0,0,13,0,0,0,54419,15016,16101,0,0,832,0,0,0,110,37,38,0,0,4,0,0,0,0,0,0,0,0,0,0,0,0,116,37,40,0,0,4,0,0,0,0,0,0,0,0,0,0,0,0,0,0,0,0,0,0,0,0,0,0,0,0,0,0,0,0,0,0,92643,7.09
2B7D,2B7D_ligand,3479,1018,1183,0,0,103,0,0,0,923,265,293,0,0,21,0,0,0,38619,10556,11872,0,0,583,0,0,0,0,0,0,0,0,0,0,0,0,0,0,0,0,0,0,0,0,0,0,0,0,0,0,0,0,0,0,0,0,0,0,0,0,0,0,0,0,0,0,0,0,0,0,0,0,0,0,0,0,0,0,0,0,0,68915,8.7
1LOQ,1LOQ_ligand,2107,603,540,0,0,14,0,0,0,499,147,137,0,0,2,0,0,0,20054,5553,5972,0,0,171,0,0,0,0,0,0,0,0,0,0,0,0,150,40,38,0,0,1,0,0,0,161,42,40,0,0,1,0,0,0,0,0,0,0,0,0,0,0,0,0,0,0,0,0,0,0,0,0,0,0,0,0,0,0,0,0,0,36272,3.7
1LOL,1LOL_ligand,4820,1218,1413,0,0,33,0,0,0,1149,302,376,0,0,8,0,0,0,26213,6827,7492,0,0,337,0,0,0,0,0,0,0,0,0,0,0,0,252,59,72,0,0,2,0,0,0,0,0,0,0,0,0,0,0,0,0,0,0,0,0,0,0,0,0,0,0,0,0,0,0,0,0,0,0,0,0,0,0,0,0,0,0,50573,6.39
1X1Z,1X1Z_ligand,5014,1383,1444,0,0,28,0,0,0,900,255,264,0,0,4,0,0,0,37596,10333,11007,0,0,436,0,0,0,0,0,0,0,0,0,0,0,0,354,92,96,0,0,2,0,0,0,0,0,0,0,0,0,0,0,0,0,0,0,0,0,0,0,0,0,0,0,0,0,0,0,0,0,0,0,0,0,0,0,0,0,0,0,69208,11.06
4TIM,4TIM_ligand,630,175,184,0,0,3,0,0,0,0,0,0,0,0,0,0,0,0,20136,5502,5816,0,0,115,0,0,0,0,0,0,0,0,0,0,0,0,179,51,50,0,0,1,0,0,0,0,0,0,0,0,0,0,0,0,0,0,0,0,0,0,0,0,0,0,0,0,0,0,0,0,0,0,0,0,0,0,0,0,0,0,0,32842,2.16
1KV5,1KV5_ligand,2308,635,662,0,0,7,0,0,0,0,0,0,0,0,0,0,0,0,85386,23508,25560,0,0,363,0,0,0,0,0,0,0,0,0,0,0,0,368,101,105,0,0,2,0,0,0,304,84,80,0,0,1,0,0,0,0,0,0,0,0,0,0,0,0,0,0,0,0,0,0,0,0,0,0,0,0,0,0,0,0,0,0,139474,4.22
1TRD,1TRD_ligand,386,108,113,0,0,2,0,0,0,209,58,59,0,0,1,0,0,0,8791,2394,2479,0,0,42,0,0,0,0,0,0,0,0,0,0,0,0,169,48,51,0,0,1,0,0,0,0,0,0,0,0,0,0,0,0,0,0,0,0,0,0,0,0,0,0,0,0,0,0,0,0,0,0,0,0,0,0,0,0,0,0,0,14911,5.4
1BRA,1BRA_ligand,1209,335,403,0,0,33,0,0,0,324,91,104,0,0,7,0,0,0,15891,4402,5006,0,0,271,0,0,0,0,0,0,0,0,0,0,0,0,0,0,0,0,0,0,0,0,0,0,0,0,0,0,0,0,0,0,0,0,0,0,0,0,0,0,0,0,0,0,0,0,0,0,0,0,0,0,0,0,0,0,0,0,0,28076,1.82
1J16,1J16_ligand,2939,804,979,0,0,49,0,0,0,746,210,243,0,0,12,0,0,0,30095,8164,9432,0,0,499,0,0,0,0,0,0,0,0,0,0,0,0,0,0,0,0,0,0,0,0,0,419,115,131,0,0,9,0,0,0,0,0,0,0,0,0,0,0,0,0,0,0,0,0,0,0,0,0,0,0,0,0,0,0,0,0,0,54846,3.84
1J17,1J17_ligand,3421,852,1074,0,0,88,0,0,0,447,111,145,0,0,10,0,0,0,10305,2807,3209,0,0,183,0,0,0,0,0,0,0,0,0,0,0,0,0,0,0,0,0,0,0,0,0,275,77,89,0,0,8,0,0,0,0,0,0,0,0,0,0,0,0,0,0,0,0,0,0,0,0,0,0,0,0,0,0,0,0,0,0,23101,5.22
1UTP,1UTP_ligand,1719,499,613,0,0,45,0,0,0,200,56,62,0,0,4,0,0,0,21191,5815,6756,0,0,340,0,0,0,0,0,0,0,0,0,0,0,0,0,0,0,0,0,0,0,0,0,0,0,0,0,0,0,0,0,0,0,0,0,0,0,0,0,0,0,0,0,0,0,0,0,0,0,0,0,0,0,0,0,0,0,0,0,37300,1.44
1V2O,1V2O_ligand,2230,620,764,0,0,58,0,0,0,577,167,198,0,0,15,0,0,0,16923,4651,5414,0,0,298,0,0,0,0,0,0,0,0,0,0,0,0,0,0,0,0,0,0,0,0,0,187,53,67,0,0,6,0,0,0,0,0,0,0,0,0,0,0,0,0,0,0,0,0,0,0,0,0,0,0,0,0,0,0,0,0,0,32228,4.73
1O3F,1O3F_ligand,2914,794,980,0,0,87,0,0,0,527,153,180,0,0,12,0,0,0,17106,4721,5446,0,0,277,0,0,0,0,0,0,0,0,0,0,0,0,0,0,0,0,0,0,0,0,0,0,0,0,0,0,0,0,0,0,0,0,0,0,0,0,0,0,0,0,0,0,0,0,0,0,0,0,0,0,0,0,0,0,0,0,0,33197,7.96
1JYS,1JYS_ligand,1793,441,480,0,0,15,0,0,0,1782,449,479,0,0,14,0,0,0,28801,7679,8560,0,0,262,0,0,0,0,0,0,0,0,0,0,0,0,0,0,0,0,0,0,0,0,0,0,0,0,0,0,0,0,0,0,0,0,0,0,0,0,0,0,0,0,0,0,0,0,0,0,0,0,0,0,0,0,0,0,0,0,0,50755,3.52
1NC1,1NC1_ligand,5298,1389,1581,0,0,49,0,0,0,1768,469,530,0,0,16,0,0,0,27601,7395,8305,0,0,231,0,0,0,0,0,0,0,0,0,0,0,0,0,0,0,0,0,0,0,0,0,382,108,132,0,0,6,0,0,0,0,0,0,0,0,0,0,0,0,0,0,0,0,0,0,0,0,0,0,0,0,0,0,0,0,0,0,55260,6.12
1Y6Q,1Y6Q_ligand,5595,1495,1672,0,0,53,0,0,0,2186,577,634,0,0,20,0,0,0,27763,7488,8407,0,0,220,0,0,0,0,0,0,0,0,0,0,0,0,0,0,0,0,0,0,0,0,0,371,105,113,0,0,5,0,0,0,0,0,0,0,0,0,0,0,0,0,0,0,0,0,0,0,0,0,0,0,0,0,0,0,0,0,0,56704,11.7
1BMA,1BMA_ligand,3367,953,1037,0,0,77,0,0,0,521,147,168,0,0,15,0,0,0,17255,4891,5199,0,0,193,0,0,0,585,159,184,0,0,13,0,0,0,0,0,0,0,0,0,0,0,0,88,24,25,0,0,0,0,0,0,0,0,0,0,0,0,0,0,0,0,0,0,0,0,0,0,0,0,0,0,0,0,0,0,0,0,0,34901,4.59
1ELA,1ELA_ligand,3150,883,984,0,0,76,0,0,0,521,150,168,0,0,14,0,0,0,21346,6029,6418,0,0,238,0,0,0,583,165,190,0,0,13,0,0,0,0,0,0,0,0,0,0,0,0,93,24,25,0,0,0,0,0,0,0,0,0,0,0,0,0,0,0,0,0,0,0,0,0,0,0,0,0,0,0,0,0,0,0,0,0,41070,6.36
1ELB,1ELB_ligand,3121,876,967,0,0,71,0,0,0,555,154,178,0,0,13,0,0,0,16203,4652,4877,0,0,176,0,0,0,472,144,145,0,0,12,0,0,0,0,0,0,0,0,0,0,0,0,92,26,25,0,0,0,0,0,0,0,0,0,0,0,0,0,0,0,0,0,0,0,0,0,0,0,0,0,0,0,0,0,0,0,0,0,32759,7.15
1PR5,1PR5_ligand,5207,1399,1578,0,0,187,0,0,0,1880,474,584,0,0,66,0,0,0,15009,4101,4565,0,0,311,0,0,0,0,0,0,0,0,0,0,0,0,506,137,163,0,0,24,0,0,0,0,0,0,0,0,0,0,0,0,0,0,0,0,0,0,0,0,0,0,0,0,0,0,0,0,0,0,0,0,0,0,0,0,0,0,0,36191,3.92
1A69,1A69_ligand,5397,1517,1574,0,0,165,0,0,0,2122,587,595,0,0,66,0,0,0,53154,14510,15808,0,0,834,0,0,0,0,0,0,0,0,0,0,0,0,0,0,0,0,0,0,0,0,0,551,149,170,0,0,24,0,0,0,0,0,0,0,0,0,0,0,0,0,0,0,0,0,0,0,0,0,0,0,0,0,0,0,0,0,0,97223,5.3
1K9S,1K9S_ligand,12900,3715,3715,0,0,374,0,0,0,5824,1637,1619,0,0,166,0,0,0,172852,47266,51494,0,0,2261,0,0,0,0,0,0,0,0,0,0,0,0,1238,340,373,0,0,48,0,0,0,0,0,0,0,0,0,0,0,0,0,0,0,0,0,0,0,0,0,0,0,0,0,0,0,0,0,0,0,0,0,0,0,0,0,0,0,305822,6.52
3PCE,3PCE_ligand,12530,3586,3303,0,0,82,0,0,0,0,0,0,0,0,0,0,0,0,237363,66378,66917,0,0,1031,0,0,0,0,0,0,0,0,0,0,0,0,0,0,0,0,0,0,0,0,0,989,260,285,0,0,12,0,0,0,0,0,0,0,0,0,0,0,0,0,0,0,0,0,0,0,0,0,0,0,0,0,0,0,0,0,0,392736,2
3PCH,3PCH_ligand,20579,6067,5837,0,0,84,0,0,0,1225,315,335,0,0,6,0,0,0,246468,68848,69524,0,0,968,0,0,0,0,0,0,0,0,0,0,0,0,0,0,0,0,0,0,0,0,0,2135,538,607,0,0,12,0,0,0,0,0,0,0,0,0,0,0,0,0,0,0,0,0,0,0,0,0,0,0,0,0,0,0,0,0,0,423548,5.4
3PCJ,3PCJ_ligand,9785,2816,2704,0,0,64,0,0,0,1411,408,350,0,0,8,0,0,0,235965,65663,66495,0,0,1048,0,0,0,0,0,0,0,0,0,0,0,0,0,0,0,0,0,0,0,0,0,1003,263,282,0,0,12,0,0,0,0,0,0,0,0,0,0,0,0,0,0,0,0,0,0,0,0,0,0,0,0,0,0,0,0,0,0,388277,7.22
1PZ5,1PZ5_ligand,0,0,0,0,0,0,0,0,0,0,0,0,0,0,0,0,0,0,56253,14920,17635,0,0,398,0,0,0,0,0,0,0,0,0,0,0,0,0,0,0,0,0,0,0,0,0,0,0,0,0,0,0,0,0,0,0,0,0,0,0,0,0,0,0,0,0,0,0,0,0,0,0,0,0,0,0,0,0,0,0,0,0,89206,5.4
2CGR,2CGR_ligand,3387,921,973,0,0,12,0,0,0,726,187,203,0,0,6,0,0,0,19566,5080,6135,0,0,142,0,0,0,0,0,0,0,0,0,0,0,0,0,0,0,0,0,0,0,0,0,0,0,0,0,0,0,0,0,0,0,0,0,0,0,0,0,0,0,0,0,0,0,0,0,0,0,0,0,0,0,0,0,0,0,0,0,37338,7.28
1FLR,1FLR_ligand,3390,958,942,0,0,23,0,0,0,0,0,0,0,0,0,0,0,0,29641,7746,9193,0,0,217,0,0,0,0,0,0,0,0,0,0,0,0,0,0,0,0,0,0,0,0,0,0,0,0,0,0,0,0,0,0,0,0,0,0,0,0,0,0,0,0,0,0,0,0,0,0,0,0,0,0,0,0,0,0,0,0,0,52110,10
2GSS,2GSS_ligand,6135,1669,1672,0,0,30,0,0,0,410,124,121,0,0,0,0,0,0,46264,12143,13302,0,0,368,0,0,0,0,0,0,0,0,0,0,0,0,0,0,0,0,0,0,0,0,0,589,171,189,0,0,4,0,0,0,0,0,0,0,0,0,0,0,0,0,0,0,0,0,0,0,0,0,0,0,0,0,0,0,0,0,0,83191,4.94
3GSS,3GSS_ligand,7846,2084,2022,0,0,91,0,0,0,1199,333,310,0,0,20,0,0,0,50875,13390,14621,0,0,424,0,0,0,0,0,0,0,0,0,0,0,0,0,0,0,0,0,0,0,0,0,785,216,224,0,0,7,0,0,0,0,0,0,0,0,0,0,0,0,0,0,0,0,0,0,0,0,0,0,0,0,0,0,0,0,0,0,94447,5.82
10GS,10GS_ligand,7957,2079,2004,0,0,90,0,0,0,1182,323,310,0,0,18,0,0,0,27956,7328,7814,0,0,266,0,0,0,0,0,0,0,0,0,0,0,0,0,0,0,0,0,0,0,0,0,578,150,158,0,0,6,0,0,0,0,0,0,0,0,0,0,0,0,0,0,0,0,0,0,0,0,0,0,0,0,0,0,0,0,0,0,58219,6.4
6STD,6STD_ligand,10002,2401,2164,0,0,66,0,0,0,759,184,169,0,0,6,0,0,0,55889,14994,15610,0,0,351,0,0,0,0,0,0,0,0,0,0,0,0,0,0,0,0,0,0,0,0,0,681,167,165,0,0,3,0,0,0,0,0,0,0,0,0,0,0,0,0,0,0,0,0,0,0,0,0,0,0,0,0,0,0,0,0,0,103611,8.64
2STD,2STD_ligand,3677,846,783,0,0,23,0,0,0,255,59,54,0,0,2,0,0,0,17173,4529,4905,0,0,97,0,0,0,0,0,0,0,0,0,0,0,0,0,0,0,0,0,0,0,0,0,70,27,18,0,0,0,0,0,0,0,0,0,0,0,0,0,0,0,0,0,0,0,0,0,0,0,0,0,0,0,0,0,0,0,0,0,32518,9.85
3STD,3STD_ligand,16601,3979,3633,0,0,105,0,0,0,2937,648,629,0,0,15,0,0,0,52034,13946,14638,0,0,318,0,0,0,0,0,0,0,0,0,0,0,0,0,0,0,0,0,0,0,0,0,0,0,0,0,0,0,0,0,0,0,0,0,0,0,0,0,0,0,0,0,0,0,0,0,0,0,0,0,0,0,0,0,0,0,0,0,109483,11.11
1JAQ,1JAQ_ligand,1818,479,504,0,0,11,0,0,0,698,179,189,0,0,4,0,0,0,9978,2706,3012,0,0,18,0,0,0,0,0,0,0,0,0,0,0,0,0,0,0,0,0,0,0,0,0,0,0,0,0,0,0,0,0,0,0,0,0,0,0,0,0,0,0,0,0,0,0,0,0,0,0,0,0,0,0,0,0,0,0,0,0,19596,4.48
1ZS0,1ZS0_ligand,3890,988,1080,0,0,16,0,0,0,280,76,80,0,0,1,0,0,0,23853,6400,7468,0,0,44,0,0,0,0,0,0,0,0,0,0,0,0,163,44,44,0,0,1,0,0,0,320,81,89,0,0,1,0,0,0,0,0,0,0,0,0,0,0,0,0,0,0,0,0,0,0,0,0,0,0,0,0,0,0,0,0,0,44919,6.15
1ZVX,1ZVX_ligand,3079,762,803,0,0,16,0,0,0,165,45,46,0,0,1,0,0,0,15464,4280,4702,0,0,40,0,0,0,0,0,0,0,0,0,0,0,0,161,46,43,0,0,1,0,0,0,162,44,44,0,0,1,0,0,0,0,0,0,0,0,0,0,0,0,0,0,0,0,0,0,0,0,0,0,0,0,0,0,0,0,0,0,29905,9.22
2D0K,2D0K_ligand,5968,1494,1391,0,0,0,0,0,0,2706,610,589,0,0,0,0,0,0,21242,5678,6058,0,0,0,0,0,0,0,0,0,0,0,0,0,0,0,0,0,0,0,0,0,0,0,0,0,0,0,0,0,0,0,0,0,0,0,0,0,0,0,0,0,0,0,0,0,0,0,0,0,0,0,0,0,0,0,0,0,0,0,0,45736,5.02
1DHI,1DHI_ligand,6511,1731,1607,0,0,61,0,0,0,3173,756,734,0,0,38,0,0,0,39577,10843,11558,0,0,402,0,0,0,0,0,0,0,0,0,0,0,0,0,0,0,0,0,0,0,0,0,0,0,0,0,0,0,0,0,0,0,0,0,0,0,0,0,0,0,0,0,0,0,0,0,0,0,0,0,0,0,0,0,0,0,0,0,76991,7.26
2DRC,2DRC_ligand,6486,1697,1645,0,0,61,0,0,0,3148,747,756,0,0,37,0,0,0,4398,1194,1290,0,0,36,0,0,0,0,0,0,0,0,0,0,0,0,0,0,0,0,0,0,0,0,0,0,0,0,0,0,0,0,0,0,0,0,0,0,0,0,0,0,0,0,0,0,0,0,0,0,0,0,0,0,0,0,0,0,0,0,0,21495,9.89
1SLG,1SLG_ligand,0,0,0,0,0,0,0,0,0,0,0,0,0,0,0,0,0,0,15650,4511,5217,0,0,0,0,0,0,0,0,0,0,0,0,0,0,0,0,0,0,0,0,0,0,0,0,0,0,0,0,0,0,0,0,0,0,0,0,0,0,0,0,0,0,0,0,0,0,0,0,0,0,0,0,0,0,0,0,0,0,0,0,25378,3.9
1DF8,1DF8_ligand,3605,945,1030,0,0,0,0,0,0,766,183,206,0,0,0,0,0,0,33114,9536,10895,0,0,0,0,0,0,0,0,0,0,0,0,0,0,0,0,0,0,0,0,0,0,0,0,425,101,122,0,0,0,0,0,0,0,0,0,0,0,0,0,0,0,0,0,0,0,0,0,0,0,0,0,0,0,0,0,0,0,0,0,60928,9.7
2F01,2F01_ligand,7961,2104,2322,0,0,0,0,0,0,1544,370,420,0,0,0,0,0,0,31187,8875,10281,0,0,0,0,0,0,0,0,0,0,0,0,0,0,0,0,0,0,0,0,0,0,0,0,813,199,235,0,0,0,0,0,0,0,0,0,0,0,0,0,0,0,0,0,0,0,0,0,0,0,0,0,0,0,0,0,0,0,0,0,66311,13
2G8R,2G8R_ligand,2866,901,804,0,0,67,0,0,0,576,185,165,0,0,17,0,0,0,26910,7790,8640,0,0,616,0,0,0,0,0,0,0,0,0,0,0,0,0,0,0,0,0,0,0,0,0,0,0,0,0,0,0,0,0,0,0,0,0,0,0,0,0,0,0,0,0,0,0,0,0,0,0,0,0,0,0,0,0,0,0,0,0,49537,3.99
1O0H,1O0H_ligand,1970,644,565,0,0,51,0,0,0,1049,325,311,0,0,32,0,0,0,48123,14352,16075,0,0,1044,0,0,0,0,0,0,0,0,0,0,0,0,539,181,145,0,0,10,0,0,0,0,0,0,0,0,0,0,0,0,0,0,0,0,0,0,0,0,0,0,0,0,0,0,0,0,0,0,0,0,0,0,0,0,0,0,0,85416,5.92
1U1B,1U1B_ligand,4825,1438,1328,0,0,125,0,0,0,1763,515,496,0,0,52,0,0,0,11815,3550,3739,0,0,264,0,0,0,0,0,0,0,0,0,0,0,0,783,275,237,0,0,15,0,0,0,0,0,0,0,0,0,0,0,0,0,0,0,0,0,0,0,0,0,0,0,0,0,0,0,0,0,0,0,0,0,0,0,0,0,0,0,31220,7.8
2C02,2C02_ligand,1509,469,402,0,0,37,0,0,0,617,207,170,0,0,19,0,0,0,11760,3379,3303,0,0,252,0,0,0,0,0,0,0,0,0,0,0,0,310,95,73,0,0,7,0,0,0,0,0,0,0,0,0,0,0,0,0,0,0,0,0,0,0,0,0,0,0,0,0,0,0,0,0,0,0,0,0,0,0,0,0,0,0,22609,4.04
1HI4,1HI4_ligand,1301,418,343,0,0,38,0,0,0,646,206,175,0,0,19,0,0,0,13476,3921,3832,0,0,268,0,0,0,0,0,0,0,0,0,0,0,0,265,86,60,0,0,6,0,0,0,0,0,0,0,0,0,0,0,0,0,0,0,0,0,0,0,0,0,0,0,0,0,0,0,0,0,0,0,0,0,0,0,0,0,0,0,25060,4.49
2BZZ,2BZZ_ligand,2637,847,717,0,0,62,0,0,0,1089,359,304,0,0,30,0,0,0,19657,5777,5556,0,0,415,0,0,0,0,0,0,0,0,0,0,0,0,610,190,155,0,0,11,0,0,0,0,0,0,0,0,0,0,0,0,0,0,0,0,0,0,0,0,0,0,0,0,0,0,0,0,0,0,0,0,0,0,0,0,0,0,0,38416,6.43
1TYR,1TYR_ligand,3984,1014,1288,0,0,27,0,0,0,0,0,0,0,0,0,0,0,0,12623,3120,3702,0,0,27,0,0,0,0,0,0,0,0,0,0,0,0,0,0,0,0,0,0,0,0,0,0,0,0,0,0,0,0,0,0,0,0,0,0,0,0,0,0,0,0,0,0,0,0,0,0,0,0,0,0,0,0,0,0,0,0,0,25785,7
1E5A,1E5A_ligand,1146,310,364,0,0,6,0,0,0,0,0,0,0,0,0,0,0,0,17382,4308,5058,0,0,45,0,0,0,0,0,0,0,0,0,0,0,0,0,0,0,0,0,0,0,0,0,0,0,0,0,0,0,0,0,0,0,0,0,0,0,0,0,0,0,0,0,0,0,0,0,0,0,0,0,0,0,0,0,0,0,0,0,28619,7.64
2G5U,2G5U_ligand,2359,618,755,0,0,18,0,0,0,0,0,0,0,0,0,0,0,0,14575,3602,4307,0,0,36,0,0,0,0,0,0,0,0,0,0,0,0,0,0,0,0,0,0,0,0,0,0,0,0,0,0,0,0,0,0,0,0,0,0,0,0,0,0,0,0,0,0,0,0,0,0,0,0,0,0,0,0,0,0,0,0,0,26270,8.49
1SV3,1SV3_ligand,1376,336,394,0,0,26,0,0,0,0,0,0,0,0,0,0,0,0,19654,5173,5999,0,0,551,0,0,0,0,0,0,0,0,0,0,0,0,0,0,0,0,0,0,0,0,0,315,81,102,0,0,7,0,0,0,0,0,0,0,0,0,0,0,0,0,0,0,0,0,0,0,0,0,0,0,0,0,0,0,0,0,0,34014,4.74
1Q7A,1Q7A_ligand,2823,694,783,0,0,66,0,0,0,304,76,89,0,0,5,0,0,0,11442,3006,3430,0,0,404,0,0,0,0,0,0,0,0,0,0,0,0,0,0,0,0,0,0,0,0,0,159,38,42,0,0,1,0,0,0,0,0,0,0,0,0,0,0,0,0,0,0,0,0,0,0,0,0,0,0,0,0,0,0,0,0,0,23362,7.19
1JQ9,1JQ9_ligand,566,152,191,0,0,18,0,0,0,0,0,0,0,0,0,0,0,0,30422,7881,9016,0,0,886,0,0,0,0,0,0,0,0,0,0,0,0,0,0,0,0,0,0,0,0,0,0,0,0,0,0,0,0,0,0,0,0,0,0,0,0,0,0,0,0,0,0,0,0,0,0,0,0,0,0,0,0,0,0,0,0,0,49132,8.45
1A08,1A08_ligand,4510,1299,1326,0,0,53,0,0,0,353,105,107,0,0,6,0,0,0,4695,1297,1387,0,0,41,0,0,0,600,181,183,0,0,4,0,0,0,308,95,99,0,0,3,0,0,0,0,0,0,0,0,0,0,0,0,0,0,0,0,0,0,0,0,0,0,0,0,0,0,0,0,0,0,0,0,0,0,0,0,0,0,0,16652,5.62
1A1B,1A1B_ligand,4250,1220,1260,0,0,48,0,0,0,355,114,110,0,0,6,0,0,0,8011,2228,2415,0,0,63,0,0,0,0,0,0,0,0,0,0,0,0,315,99,102,0,0,3,0,0,0,0,0,0,0,0,0,0,0,0,0,0,0,0,0,0,0,0,0,0,0,0,0,0,0,0,0,0,0,0,0,0,0,0,0,0,0,20599,6.4
1IS0,1IS0_ligand,2519,817,769,0,0,30,0,0,0,140,54,48,0,0,2,0,0,0,14870,4348,4519,0,0,111,0,0,0,0,0,0,0,0,0,0,0,0,273,86,81,0,0,2,0,0,0,0,0,0,0,0,0,0,0,0,0,0,0,0,0,0,0,0,0,0,0,0,0,0,0,0,0,0,0,0,0,0,0,0,0,0,0,28669,7
1A30,1A30_ligand,0,0,0,0,0,0,0,0,0,0,0,0,0,0,0,0,0,0,20173,5318,5594,0,0,167,0,0,0,0,0,0,0,0,0,0,0,0,0,0,0,0,0,0,0,0,0,0,0,0,0,0,0,0,0,0,0,0,0,0,0,0,0,0,0,0,0,0,0,0,0,0,0,0,0,0,0,0,0,0,0,0,0,31252,4.3
2F80,2F80_ligand,4923,1388,1444,0,0,6,0,0,0,572,169,167,0,0,1,0,0,0,21419,5686,5831,0,0,77,0,0,0,0,0,0,0,0,0,0,0,0,0,0,0,0,0,0,0,0,0,262,73,87,0,0,0,0,0,0,0,0,0,0,0,0,0,0,0,0,0,0,0,0,0,0,0,0,0,0,0,0,0,0,0,0,0,42105,8.18
2I0D,2I0D_ligand,5446,1501,1577,0,0,4,0,0,0,540,153,158,0,0,0,0,0,0,18577,4937,5245,0,0,122,0,0,0,0,0,0,0,0,0,0,0,0,294,81,84,0,0,5,0,0,0,184,50,62,0,0,0,0,0,0,0,0,0,0,0,0,0,0,0,0,0,0,0,0,0,0,0,0,0,0,0,0,0,0,0,0,0,39020,12.1
1D7J,1D7J_ligand,1512,344,352,0,0,6,0,0,0,192,50,46,0,0,0,0,0,0,12465,3314,3624,0,0,77,0,0,0,0,0,0,0,0,0,0,0,0,0,0,0,0,0,0,0,0,0,136,39,39,0,0,0,0,0,0,0,0,0,0,0,0,0,0,0,0,0,0,0,0,0,0,0,0,0,0,0,0,0,0,0,0,0,22196,3.3
1FKI,1FKI_ligand,6793,1501,1543,0,0,8,0,0,0,357,80,88,0,0,0,0,0,0,13738,3680,3940,0,0,93,0,0,0,0,0,0,0,0,0,0,0,0,0,0,0,0,0,0,0,0,0,0,0,0,0,0,0,0,0,0,0,0,0,0,0,0,0,0,0,0,0,0,0,0,0,0,0,0,0,0,0,0,0,0,0,0,0,31821,7
1FKB,1FKB_ligand,5156,1102,1149,0,0,13,0,0,0,179,41,42,0,0,0,0,0,0,11922,3196,3542,0,0,80,0,0,0,0,0,0,0,0,0,0,0,0,0,0,0,0,0,0,0,0,0,0,0,0,0,0,0,0,0,0,0,0,0,0,0,0,0,0,0,0,0,0,0,0,0,0,0,0,0,0,0,0,0,0,0,0,0,26422,9.7
6RNT,6RNT_ligand,1003,303,345,0,0,0,0,0,0,536,158,184,0,0,1,0,0,0,10252,2719,3497,0,0,120,0,0,0,0,0,0,0,0,0,0,0,0,162,42,51,0,0,0,0,0,0,0,0,0,0,0,0,0,0,0,0,0,0,0,0,0,0,0,0,0,0,0,0,0,0,0,0,0,0,0,0,0,0,0,0,0,0,19373,2.37
1DET,1DET_ligand,2571,659,632,0,0,1,0,0,0,857,225,219,0,0,0,0,0,0,8342,2181,2638,0,0,46,0,0,0,0,0,0,0,0,0,0,0,0,63,17,17,0,0,0,0,0,0,0,0,0,0,0,0,0,0,0,0,0,0,0,0,0,0,0,0,0,0,0,0,0,0,0,0,0,0,0,0,0,0,0,0,0,0,18468,4.3
1RNT,1RNT_ligand,1194,325,342,0,0,0,0,0,0,678,182,187,0,0,0,0,0,0,8591,2237,2851,0,0,76,0,0,0,0,0,0,0,0,0,0,0,0,154,44,49,0,0,0,0,0,0,0,0,0,0,0,0,0,0,0,0,0,0,0,0,0,0,0,0,0,0,0,0,0,0,0,0,0,0,0,0,0,0,0,0,0,0,16910,5.19
